{"cameraMode":{"drawMode":0,"name":"Shaded","section":"Shading Mode"},"sceneLighting":true,"audioPlay":false,"sceneViewState":{"m_AlwaysRefresh":false,"showFog":true,"showSkybox":true,"showFlares":true,"showImageEffects":true,"showParticleSystems":true,"showVisualEffectGraphs":true,"m_FxEnabled":true},"in2DMode":false,"pivot":{"x":-0.037652868777513507,"y":-0.09353677928447724,"z":0.008952292613685131},"rotation":{"x":0.5474967360496521,"y":0.0012532015098258854,"z":-0.0008012079051695764,"w":0.8369208574295044},"size":0.15671877562999726,"orthographic":false}